<?xml version="1.0" encoding="UTF-8"?>
<scenario>
    
    <!-- Dynamic 0 -->
    <waypoint id="corner0" x="-7" y="0.0" r="1"/>
    <waypoint id="corner1" x="-7" y="1.5" r="1"/>
    <waypoint id="corner2" x="-5" y="-1.5" r="1"/>
    <waypoint id="corner3" x="-5.5" y="1.5" r="1"/>
    <waypoint id="corner4" x="-9.5" y="1.5" r="1"/>
    <waypoint id="corner5" x="-9.5" y="-1.5" r="1"/>
    <waypoint id="corner6" x="-5.5" y="-1.5" r="1"/>

    <queue id="center" x="0" y="0" direction="0"/>

    <!-- Dynamic 1 ( -2, -9 ) -->
    <waypoint id="route1_start" x="1.5" y="-7.0" r="1"/>
    <waypoint id="route1_end" x="-5.5" y="-7.0" r="1"/>
    <waypoint id="route2_start" x="2.5" y="-6.0" r="1"/>
    <waypoint id="route2_end" x="-5.5" y="-6.0" r="1"/>
    <waypoint id="route3_start" x="-.5" y="-9.0" r="1"/>
    <waypoint id="route3_end" x="-.5" y="-13.0" r="1"/>
    <waypoint id="route4_start" x="-.5" y="-8.0" r="1"/>
    <waypoint id="route4_end" x="-.5" y="-6.0" r="1"/>
    <waypoint id="route5_start" x="-5.5" y="-13.0" r="1"/>
    <waypoint id="route5_end" x="-5.5" y="-5.0" r="1"/>

    <!--AgentClusters-->

    <!-- dynamic 0 -->
    <agent x="-5.0" y="-1.0" n="1" dx="0.1" dy="0.1" type="0">
        <addwaypoint id="corner6"/>
        <addwaypoint id="corner2"/>
        <addwaypoint id="corner1"/>
        <addwaypoint id="corner4"/>
        <addwaypoint id="corner1"/>
        <addwaypoint id="corner2"/>
    </agent>

    <agent x="-5.0" y="1.0" n="1" dx="0.1" dy="0.1" type="0">
        <addwaypoint id="corner3"/>
        <addwaypoint id="corner0"/>
        <addwaypoint id="corner5"/>
        <addwaypoint id="corner1"/>
    </agent>

    <!-- dynamic 1 -2 - 9 -->
    <agent x="2.5" y="-7.0" n="3" dx="0.1" dy="0.1" type="1">
        <addwaypoint id="route1_end"/>
        <addwaypoint id="route1_start"/>
    </agent>

    <agent x="2.5" y="-5.0" n="2" dx="0.1" dy="0.1" type="1">
        <addwaypoint id="route2_end"/>
        <addwaypoint id="route2_start"/>
    </agent>

    <agent x="-.5" y="-9.0" n="3" dx="0.1" dy="0.1" type="1">
        <addwaypoint id="route3_start"/>
        <addwaypoint id="route3_end"/>
    </agent>

    <agent x=".5" y="-8.0" n="2" dx="0.1" dy="0.1" type="1">
        <addwaypoint id="route4_start"/>
        <addwaypoint id="route4_end"/>
    </agent>

    <agent x="-5.5" y="-13.0" n="2" dx="0.1" dy="0.1" type="1">
        <addwaypoint id="route5_start"/>
        <addwaypoint id="route5_end"/>
    </agent>

    <agent x="-5.5" y="-13.0" n="1" dx="0.1" dy="0.1" type="1">
        <addwaypoint id="route5_start"/>
        <addwaypoint id="route5_end"/>
    </agent>


</scenario>