<?xml version="1.0" encoding="UTF-8"?>

<!--This scenario file was created by SGDiCoP on 2014-04-16T15:14:48-->
<scenario>
    
    <!--Obstacles-->
    <!--obstacle x1="-0.5" y1="-0.5" x2="29.5" y2="-0.5"/>
    <obstacle x1="-0.5" y1="-0.5" x2="-0.5" y2="29.5"/>
    <obstacle x1="-0.5" y1="29.5" x2="29.5" y2="29.5"/>
    <obstacle x1="29.5" y1="29.5" x2="29.5" y2="-0.5"/-->

    <!--obstacle x1="-3.0" y1="-3.0" x2="3.0" y2="-3.0"/>
    <obstacle x1="-3.0" y1="-3.0" x2="-3.0" y2="3.0"/>
    <obstacle x1="-3.0" y1="3.5" x2="3.0" y2="3.0"/>
    <obstacle x1="3.0" y1="3.0" x2="3.0" y2="-3.0"/-->

    <!--Waypoints (incl. WaitingQueues)-->
    <!--waypoint id="corner0" x="5" y="5" r="2"/>
    <waypoint id="corner1" x="15" y="5" r="2"/>
    <waypoint id="corner2" x="15" y="15" r="2"/>
    <waypoint id="corner3" x="5" y="15" r="2"/-->

    <waypoint id="route1_start" x="4.0" y="2.0" r="1"/>
    <waypoint id="route1_end" x="-4.0" y="2.0" r="1"/>
    <waypoint id="route2_start" x="4.0" y="3.0" r="1"/>
    <waypoint id="route2_end" x="-4.0" y="3.0" r="1"/>
    <waypoint id="route3_start" x="1.0" y="0.0" r="1"/>
    <waypoint id="route3_end" x="1.0" y="-4.0" r="1"/>
    <waypoint id="route4_start" x="1.0" y="1.0" r="1"/>
    <waypoint id="route4_end" x="-2.0" y="3.0" r="1"/>
    <waypoint id="route5_start" x="-4.0" y="-4.0" r="1"/>
    <waypoint id="route5_end" x="-4.0" y="4.0" r="1"/>

    <queue id="center" x="0" y="0" direction="0"/>

    <!--Agents-->
    <!--agent x="17" y="11" n="1" dx="0" dy="0" type="2">
        <addwaypoint id="robot_start"/>
        <addwaypoint id="robot_goal"/>
    </agent-->
    
    <!--AgentClusters-->
    <agent x="4.0" y="2.0" n="3" dx="0.1" dy="0.1" type="1">
        <addwaypoint id="route1_end"/>
        <addwaypoint id="route1_start"/>
    </agent>

    <agent x="4.0" y="3.0" n="2" dx="0.1" dy="0.1" type="1">
        <addwaypoint id="route2_end"/>
        <addwaypoint id="route2_start"/>
    </agent>

    <agent x="1.0" y="0.0" n="3" dx="0.1" dy="0.1" type="1">
        <addwaypoint id="route3_start"/>
        <addwaypoint id="route3_end"/>
    </agent>

    <agent x="1.0" y="1.0" n="2" dx="0.1" dy="0.1" type="1">
        <addwaypoint id="route4_start"/>
        <addwaypoint id="route4_end"/>
    </agent>

    <agent x="-4.0" y="-4.0" n="2" dx="0.1" dy="0.1" type="1">
        <addwaypoint id="route5_start"/>
        <addwaypoint id="route5_end"/>
    </agent>

    <agent x="-4.0" y="-4.0" n="1" dx="0.1" dy="0.1" type="1">
        <addwaypoint id="route5_start"/>
        <addwaypoint id="route5_end"/>
    </agent>

</scenario>